{
  "winner": "LRN",
  "threshold": 0.5,
  "test_metrics": {
    "f1": 0.7058823529411765,
    "precision": 0.7177033492822966,
    "recall": 0.6944444444444444,
    "roc_auc": 0.823201566951567,
    "pr_auc": 0.7894068158750389,
    "confusion_matrix": [
      [
        201,
        59
      ],
      [
        66,
        150
      ]
    ]
  }
}